-- Adminer 5.2.1 MySQL 8.0.40-azure dump
-- translated to PostgreSQL dialect

-- set client encoding
SET client_encoding = 'UTF8';

-- set time zone
SET TIME ZONE '+00:00';

-- disable triggers (rough equivalent of MySQL foreign_key_checks = 0)
SET session_replication_role = replica;

INSERT INTO "categories" ("id", "name", "category_order") VALUES
  (1,  'Veggies and Fruit',     9),
  (2,  'Dairy',                10),
  (3,  'Meats',                11),
  (4,  'Bread and breakfasts', 12),
  (5,  'Utensilios',           1),
  (6,  'Preparados',           3),
  (7,  'PanYLacteos',          4),
  (8,  'FrutaYVerdura',        5),
  (9,  'Congelados',           6),
  (10, 'LegumbresYOtros',      2),
  (11, '?',                    13),
  (12, 'Carniceria',           7),
  (13, 'Raros',                8);

INSERT INTO "products" ("id", "name", "category_id", "is_rare", "product_order") VALUES
  (3,  'Fruit',                1, FALSE,  0),
  (5,  'Pork',                 3, TRUE,   0),
  (7,  'Pudding',              2, TRUE,   0),
  (8,  'Bread',                4, FALSE,  0),
  (10, 'Those yogurts I love', 2, FALSE,  0),
  (12, 'Tomates',              8, FALSE, 52),
  (13, 'Pandepueblo',          7, FALSE, 44),
  (14, 'Cebollas',             8, TRUE,  50),
  (15, 'Cheddar',              6, FALSE, 24),
  (16, 'Papelhigienico',       5, FALSE, 9),
  (17, 'Papelalbal',           5, TRUE,  5),
  (18, 'Papelplastico',        5, TRUE,  6),
  (19, 'Quesorallado',         6, FALSE, 26),
  (20, 'Pan',                  7, FALSE, 43),
  (21, 'Yogurnatural',         7, FALSE, 37),
  (22, 'Yogurfrutas',          7, FALSE, 38),
  (23, 'Flanqueso',            7, FALSE, 39),
  (25, 'Arroz',                10, FALSE, 12),
  (26, 'Pescadoblanco',        9, FALSE, 57),
  (27, 'Pizza',                6, FALSE, 34),
  (28, 'Fruta',                8, FALSE, 48),
  (29, 'Lechuga',              8, FALSE, 51),
  (30, 'Potatoes',             NULL, FALSE, 0),
  (31, 'Spaghetti',            10, FALSE, 11),
  (32, 'Gel',                  5, TRUE,   4),
  (33, 'Champu',               5, TRUE,   3),
  (34, 'Leche',                7, FALSE, 28),
  (35, 'Huevos',               10, FALSE, 19),
  (36, 'Judiasblancas',        10, FALSE, 14),
  (37, 'Garbanzos',            10, FALSE, 15),
  (39, 'Nueces',               6, FALSE, 29),
  (40, 'Almendras',            6, FALSE, 30),
  (41, 'Desayunorico',         7, FALSE, 32),
  (42, 'Desayunosano',         7, FALSE, 33),
  (43, 'Maiz',                 8, FALSE, 53),
  (44, 'Flanvainilla',         7, FALSE, 40),
  (45, 'Polvorones',           7, TRUE,  47),
  (46, 'Zanahorias',           8, FALSE, 54),
  (47, 'Patatas',              8, FALSE, 55),
  (48, 'Atun',                 9, FALSE, 58),
  (49, 'Salmon',               9, FALSE, 56),
  (50, 'Carnepicada',         12, FALSE, 59),
  (51, 'Papelcocina',          5, TRUE,   8),
  (52, 'Provoleta',            6, FALSE, 25),
  (53, 'Lentejas',            10, FALSE, 13),
  (54, 'Papelhorno',           5, TRUE,   7),
  (55, 'Ravioli',              6, FALSE, 35),
  (56, 'Carne',               12, FALSE, 60),
  (57, 'Pollofiletes',        12, FALSE, 61),
  (58, 'Pollohorno',          12, FALSE, 62),
  (59, 'Cuscus',              10, FALSE, 16),
  (61, 'Ajo',                  8, TRUE,  49),
  (62, 'Guantes',              5, TRUE,  63),
  (63, 'Judiasverdes',         9, TRUE,  64),
  (64, 'Panhamburguesa',       7, FALSE, 45),
  (66, 'Te',                   7, FALSE, 0),
  (68, 'Atunlata',             6, TRUE,  65),
  (69, 'Sal',                 10, TRUE,  17),
  (70, 'Aceite',               6, TRUE,  18),
  (71, 'Bicarbonato',          5, TRUE,  66),
  (72, 'Azafran',             10, TRUE,  20),
  (73, 'Dentifrico',           5, TRUE,   1),
  (74, 'Desodorante',          5, TRUE,   2),
  (75, 'Galletas',             5, FALSE,  0),
  (76, 'Pimenton',            10, TRUE,  23),
  (77, 'Natillas',             7, FALSE, 41),
  (78, 'Oregano',             10, TRUE,  22),
  (79, 'Laurel',              10, TRUE,  21),
  (80, 'Cafe',                 7, TRUE,  36),
  (81, 'Mantequilla',          7, TRUE,  42),
  (82, 'Chocolate',            6, FALSE, 31),
  (83, 'Bolsasbasura',         5, TRUE,  10),
  (84, 'Sanitol',              5, TRUE,  67),
  (85, 'Aceitunas',            5, TRUE,  27),
  (86, 'Tostadas',             7, TRUE,  46);

INSERT INTO "shopping" ("id", "user_id", "product_id", "quantity") VALUES
  (3,  2,  3, 5),
  (5,  2,  5, 0),
  (7,  2,  7, 2),
  (8,  2,  8, 0),
  (14, 2, 10, 0),
  (18, 1, 12, 0),
  (19, 1, 13, 0),
  (20, 1, 14, 0),
  (21, 1, 15, 0),
  (22, 1, 16, 0),
  (23, 1, 17, 0),
  (24, 1, 18, 0),
  (25, 1, 19, 0),
  (26, 1, 20, 0),
  (27, 1, 21, 0),
  (28, 1, 22, 0),
  (29, 1, 23, 0),
  (31, 1, 25, 0),
  (32, 1, 26, 0),
  (33, 1, 27, 0),
  (34, 1, 28, 0),
  (35, 1, 29, 0),
  (36, 2, 30, 0),
  (38, 1, 31, 0),
  (39, 1, 32, 0),
  (40, 1, 33, 0),
  (41, 1, 34, 0),
  (42, 1, 35, 0),
  (43, 1, 36, 0),
  (44, 1, 37, 0),
  (47, 1, 39, 0),
  (48, 1, 40, 0),
  (49, 1, 41, 0),
  (50, 1, 42, 0),
  (51, 1, 43, 0),
  (52, 1, 44, 0),
  (53, 1, 45, 0),
  (56, 1, 46, 0),
  (57, 1, 47, 0),
  (58, 1, 48, 0),
  (59, 1, 49, 0),
  (60, 1, 50, 0),
  (61, 1, 51, 0),
  (62, 1, 52, 0),
  (63, 1, 53, 0),
  (64, 1, 54, 0),
  (65, 1, 55, 0),
  (66, 1, 56, 0),
  (67, 1, 57, 0),
  (68, 1, 58, 0),
  (69, 1, 59, 0),
  (71, 1, 61, 0),
  (72, 1, 62, 0),
  (73, 1, 63, 0),
  (74, 1, 64, 0),
  (76, 3, 66, 0),
  (79, 1, 68, 0),
  (80, 1, 69, 0),
  (81, 1, 70, 0),
  (82, 1, 71, 0),
  (83, 1, 72, 0),
  (85, 1, 73, 0),
  (86, 1, 74, 0),
  (89, 3, 75, 1),
  (90, 1, 76, 0),
  (91, 1, 77, 0),
  (92, 1, 78, 0),
  (93, 1, 79, 0),
  (94, 1, 80, 0),
  (96, 1, 81, 0),
  (97, 1, 82, 0),
  (99, 1, 83, 0),
  (100,1, 84, 0),
  (101,1, 85, 0),
  (102,1, 86, 0);

INSERT INTO "sudokus" ("id", "state") VALUES
  (98,  '"003020600900305001001806400008102900700000008006708200002609500800203009005010300"'),
  (99,  '"200080300060070084030500209000105408000000000402706000301007040720040060004010003"'),
  (100, '"000000907000420180000705026100904000050000040000507009920108000034059000507000000"'),
  (101, '"030050040008010500460000012070502080000603000040109030250000098001020600080060020"'),
  (102, '"020810740700003100090002805009040087400208003160030200302700060005600008076051090"'),
  (103, '"100920000524010000000000070050008102000000000402700090060000000000030945000071006"'),
  (104, '"043080250600000000000001094900004070000608000010200003820500000000000005034090710"'),
  (105, '"480006902002008001900370060840010200003704100001060049020085007700900600609200018"'),
  (106, '"000900002050123400030000160908000000070000090000000205091000050007439020400007000"'),
  (107, '"001900003900700160030005007050000009004302600200000070600100030042007006500006800"'),
  (108, '"000125400008400000420800000030000095060902010510000060000003049000007200001298000"'),
  (109, '"062340750100005600570000040000094800400000006005830000030000091006400007059083260"'),
  (110, '"300000000005009000200504000020000700160000058704310600000890100000067080000005437"'),
  (111, '"630000000000500008005674000000020000003401020000000345000007004080300902947100080"'),
  (112, '"000020040008035000000070602031046970200000000000501203049000730000000010800004000"'),
  (113, '"361025900080960010400000057008000471000603000259000800740000005020018060005470329"'),
  (114, '"050807020600010090702540006070020301504000908103080070900076205060090003080103040"'),
  (115, '"080005000000003457000070809060400903007010500408007020901020000842300000000100080"'),
  (116, '"003502900000040000106000305900251008070408030800763001308000104000020000005104800"'),
  (117, '"000000000009805100051907420290401065000000000140508093026709580005103600000000000"'),
  (118, '"020030090000907000900208005004806500607000208003102900800605007000309000030020050"'),
  (119, '"005000006070009020000500107804150000000803000000092805907006000030400010200000600"'),
  (120, '"040000050001943600009000300600050002103000506800020007005000200002436700030000040"'),
  (121, '"004000000000030002390700080400009001209801307600200008010008053900040000000000800"'),
  (122, '"360020089000361000000000000803000602400603007607000108000000000000418000970030014"'),
  (123, '"500400060009000800640020000000001008208000501700500000000090084003000600060003002"'),
  (124, '"007256400400000005010030060000508000008060200000107000030070090200000004006312700"'),
  (125, '"000000000079050180800000007007306800450708096003502700700000005016030420000000000"'),
  (126, '"030000080009000500007509200700105008020090030900402001004207100002000800070000090"'),
  (127, '"200170603050000100000006079000040700000801000009050000310400000005000060906037002"'),
  (128, '"000000080800701040040020030374000900000030000005000321010060050050802006080000000"'),
  (129, '"000000085000210009960080100500800016000000000890006007009070052300054000480000000"'),
  (130, '"608070502050608070002000300500090006040302050800050003005000200010704090409060701"'),
  (131, '"050010040107000602000905000208030501040070020901080406000401000304000709020060010"'),
  (132, '"053000790009753400100000002090080010000907000080030070500000003007641200061000940"'),
  (133, '"006080300049070250000405000600317004007000800100826009000702000075040190003090600"'),
  (134, '"005080700700204005320000084060105040008000500070803010450000091600508007003010600"'),
  (135, '"000900800128006400070800060800430007500000009600079008090004010003600284001007000"'),
  (136, '"000080000270000054095000810009806400020403060006905100017000620460000038000090000"'),
  (137, '"000602000400050001085010620038206710000000000019407350026040530900020007000809000"'),
  (138, '"380000000000400785009020300060090000800302009000040070001070500495006000000000092"'),
  (139, '"000158000002060800030000040027030510000000000046080790050000080004070100000325000"'),
  (140, '"010500200900001000002008030500030007008000500600080004040100700000700006003004050"'),
  (141, '"080000040000469000400000007005904600070608030008502100900000005000781000060000010"'),
  (142, '"904200007010000000000706500000800090020904060040002000001607000000000030300005702"'),
  (143, '"000700800006000031040002000024070000010030080000060290000800070860000500002006000"'),
  (144, '"001007090590080001030000080000005800050060020004100000080000030100020079020700400"'),
  (145, '"000003017015009008060000000100007000009000200000500004000000020500600340340200000"'),
  (146, '"300200000000107000706030500070009080900020004010800050009040301000702000000008006"');

-- restore triggers
SET session_replication_role = DEFAULT;
